{"training_loss": 1.0773178544836435, "training_accuracy": 0.9225, "test_loss": 1.0801236396202996, "test_accuracy": 0.9238461538461539}