{"training_loss": 2.861604078254522, "training_accuracy": 0.9076923076923077, "test_loss": 2.844654118236528, "test_accuracy": 0.9046153846153846}